zona,anno,edad,sexo,casos
AMAZ,2020,e1-5,F,3
AMAZ,2020,e1-5,M,5
AMAZ,2020,e14-18,F,3
AMAZ,2020,e14-18,M,5
AMAZ,2020,e5-9,F,0
AMAZ,2020,e5-9,M,3
AMAZ,2020,e9-14,F,4
AMAZ,2020,e9-14,M,4
AMAZ,2020,e<1,F,0
AMAZ,2020,e<1,M,0
AMAZ,2021,e1-5,F,1
AMAZ,2021,e1-5,M,4
AMAZ,2021,e14-18,F,0
AMAZ,2021,e14-18,M,5
AMAZ,2021,e5-9,F,4
AMAZ,2021,e5-9,M,7
AMAZ,2021,e9-14,F,2
AMAZ,2021,e9-14,M,3
AMAZ,2021,e<1,F,1
AMAZ,2021,e<1,M,0
AMAZ,2022,e1-5,F,1
AMAZ,2022,e1-5,M,3
AMAZ,2022,e14-18,F,2
AMAZ,2022,e14-18,M,1
AMAZ,2022,e5-9,F,3
AMAZ,2022,e5-9,M,5
AMAZ,2022,e9-14,F,6
AMAZ,2022,e9-14,M,1
AMAZ,2022,e<1,F,0
AMAZ,2022,e<1,M,0
AMAZ,2023,e1-5,F,5
AMAZ,2023,e1-5,M,4
AMAZ,2023,e14-18,F,2
AMAZ,2023,e14-18,M,3
AMAZ,2023,e5-9,F,3
AMAZ,2023,e5-9,M,4
AMAZ,2023,e9-14,F,7
AMAZ,2023,e9-14,M,1
AMAZ,2023,e<1,F,1
AMAZ,2023,e<1,M,0
AMAZ,2024,e1-5,F,5
AMAZ,2024,e1-5,M,2
AMAZ,2024,e14-18,F,1
AMAZ,2024,e14-18,M,2
AMAZ,2024,e5-9,F,1
AMAZ,2024,e5-9,M,2
AMAZ,2024,e9-14,F,4
AMAZ,2024,e9-14,M,5
AMAZ,2024,e<1,F,0
AMAZ,2024,e<1,M,1
AND,2020,e1-5,F,80
AND,2020,e1-5,M,88
AND,2020,e14-18,F,68
AND,2020,e14-18,M,93
AND,2020,e5-9,F,54
AND,2020,e5-9,M,60
AND,2020,e9-14,F,89
AND,2020,e9-14,M,128
AND,2020,e<1,F,20
AND,2020,e<1,M,17
AND,2021,e1-5,F,85
AND,2021,e1-5,M,86
AND,2021,e14-18,F,58
AND,2021,e14-18,M,81
AND,2021,e5-9,F,50
AND,2021,e5-9,M,53
AND,2021,e9-14,F,80
AND,2021,e9-14,M,90
AND,2021,e<1,F,18
AND,2021,e<1,M,12
AND,2022,e1-5,F,64
AND,2022,e1-5,M,87
AND,2022,e14-18,F,86
AND,2022,e14-18,M,93
AND,2022,e5-9,F,39
AND,2022,e5-9,M,68
AND,2022,e9-14,F,103
AND,2022,e9-14,M,78
AND,2022,e<1,F,14
AND,2022,e<1,M,15
AND,2023,e1-5,F,75
AND,2023,e1-5,M,90
AND,2023,e14-18,F,67
AND,2023,e14-18,M,103
AND,2023,e5-9,F,45
AND,2023,e5-9,M,62
AND,2023,e9-14,F,83
AND,2023,e9-14,M,118
AND,2023,e<1,F,10
AND,2023,e<1,M,16
AND,2024,e1-5,F,67
AND,2024,e1-5,M,80
AND,2024,e14-18,F,82
AND,2024,e14-18,M,97
AND,2024,e5-9,F,49
AND,2024,e5-9,M,48
AND,2024,e9-14,F,89
AND,2024,e9-14,M,87
AND,2024,e<1,F,13
AND,2024,e<1,M,15
CAR,2020,e1-5,F,13
CAR,2020,e1-5,M,14
CAR,2020,e14-18,F,16
CAR,2020,e14-18,M,10
CAR,2020,e5-9,F,10
CAR,2020,e5-9,M,6
CAR,2020,e9-14,F,13
CAR,2020,e9-14,M,15
CAR,2020,e<1,F,2
CAR,2020,e<1,M,3
CAR,2021,e1-5,F,21
CAR,2021,e1-5,M,34
CAR,2021,e14-18,F,13
CAR,2021,e14-18,M,21
CAR,2021,e5-9,F,14
CAR,2021,e5-9,M,16
CAR,2021,e9-14,F,15
CAR,2021,e9-14,M,23
CAR,2021,e<1,F,3
CAR,2021,e<1,M,3
CAR,2022,e1-5,F,26
CAR,2022,e1-5,M,33
CAR,2022,e14-18,F,20
CAR,2022,e14-18,M,30
CAR,2022,e5-9,F,15
CAR,2022,e5-9,M,16
CAR,2022,e9-14,F,20
CAR,2022,e9-14,M,42
CAR,2022,e<1,F,6
CAR,2022,e<1,M,6
CAR,2023,e1-5,F,22
CAR,2023,e1-5,M,45
CAR,2023,e14-18,F,19
CAR,2023,e14-18,M,23
CAR,2023,e5-9,F,17
CAR,2023,e5-9,M,19
CAR,2023,e9-14,F,17
CAR,2023,e9-14,M,31
CAR,2023,e<1,F,4
CAR,2023,e<1,M,7
CAR,2024,e1-5,F,25
CAR,2024,e1-5,M,26
CAR,2024,e14-18,F,20
CAR,2024,e14-18,M,30
CAR,2024,e5-9,F,12
CAR,2024,e5-9,M,16
CAR,2024,e9-14,F,18
CAR,2024,e9-14,M,33
CAR,2024,e<1,F,2
CAR,2024,e<1,M,5
ORIN,2020,e1-5,F,7
ORIN,2020,e1-5,M,11
ORIN,2020,e14-18,F,5
ORIN,2020,e14-18,M,6
ORIN,2020,e5-9,F,3
ORIN,2020,e5-9,M,0
ORIN,2020,e9-14,F,7
ORIN,2020,e9-14,M,14
ORIN,2020,e<1,F,0
ORIN,2020,e<1,M,1
ORIN,2021,e1-5,F,3
ORIN,2021,e1-5,M,7
ORIN,2021,e14-18,F,5
ORIN,2021,e14-18,M,8
ORIN,2021,e5-9,F,6
ORIN,2021,e5-9,M,5
ORIN,2021,e9-14,F,9
ORIN,2021,e9-14,M,7
ORIN,2021,e<1,F,1
ORIN,2021,e<1,M,3
ORIN,2022,e1-5,F,8
ORIN,2022,e1-5,M,9
ORIN,2022,e14-18,F,5
ORIN,2022,e14-18,M,6
ORIN,2022,e5-9,F,5
ORIN,2022,e5-9,M,4
ORIN,2022,e9-14,F,6
ORIN,2022,e9-14,M,4
ORIN,2022,e<1,F,4
ORIN,2022,e<1,M,1
ORIN,2023,e1-5,F,3
ORIN,2023,e1-5,M,6
ORIN,2023,e14-18,F,10
ORIN,2023,e14-18,M,6
ORIN,2023,e5-9,F,8
ORIN,2023,e5-9,M,7
ORIN,2023,e9-14,F,6
ORIN,2023,e9-14,M,9
ORIN,2023,e<1,F,2
ORIN,2023,e<1,M,3
ORIN,2024,e1-5,F,4
ORIN,2024,e1-5,M,6
ORIN,2024,e14-18,F,8
ORIN,2024,e14-18,M,3
ORIN,2024,e5-9,F,3
ORIN,2024,e5-9,M,4
ORIN,2024,e9-14,F,7
ORIN,2024,e9-14,M,14
ORIN,2024,e<1,F,1
ORIN,2024,e<1,M,1
PACF,2020,e1-5,F,23
PACF,2020,e1-5,M,21
PACF,2020,e14-18,F,13
PACF,2020,e14-18,M,22
PACF,2020,e5-9,F,12
PACF,2020,e5-9,M,15
PACF,2020,e9-14,F,16
PACF,2020,e9-14,M,27
PACF,2020,e<1,F,7
PACF,2020,e<1,M,3
PACF,2021,e1-5,F,18
PACF,2021,e1-5,M,24
PACF,2021,e14-18,F,25
PACF,2021,e14-18,M,18
PACF,2021,e5-9,F,12
PACF,2021,e5-9,M,14
PACF,2021,e9-14,F,21
PACF,2021,e9-14,M,28
PACF,2021,e<1,F,7
PACF,2021,e<1,M,4
PACF,2022,e1-5,F,20
PACF,2022,e1-5,M,29
PACF,2022,e14-18,F,21
PACF,2022,e14-18,M,14
PACF,2022,e5-9,F,16
PACF,2022,e5-9,M,19
PACF,2022,e9-14,F,31
PACF,2022,e9-14,M,25
PACF,2022,e<1,F,7
PACF,2022,e<1,M,4
PACF,2023,e1-5,F,14
PACF,2023,e1-5,M,26
PACF,2023,e14-18,F,27
PACF,2023,e14-18,M,25
PACF,2023,e5-9,F,17
PACF,2023,e5-9,M,19
PACF,2023,e9-14,F,20
PACF,2023,e9-14,M,21
PACF,2023,e<1,F,2
PACF,2023,e<1,M,4
PACF,2024,e1-5,F,13
PACF,2024,e1-5,M,20
PACF,2024,e14-18,F,31
PACF,2024,e14-18,M,32
PACF,2024,e5-9,F,9
PACF,2024,e5-9,M,16
PACF,2024,e9-14,F,27
PACF,2024,e9-14,M,14
PACF,2024,e<1,F,3
PACF,2024,e<1,M,4
